seed,organ,jamming,pmax_avoidance,pmax_reachability,pmax_safety,n_states,error
0,Heart,0,0.12098315585940304,0.12098315585940304,0.7366788345390468,144,
0,Lungs,0,0.13925941615947757,0.13925941615947757,0.7366788345390468,144,
0,Liver,0,0.6430448736618621,0.6430448736618621,0.7366788345390468,144,
0,Intestines,0,0.6430289229551207,0.6430289229551207,0.7366788345390468,144,
0,Pancreas,0,0.6430443848745308,0.6430443848745308,0.7366788345390468,144,
0,Kidneys,0,0.13511928159692307,0.13511928159692307,0.7366788345390468,144,
0,Heart,1,0.03629938400675935,0.03629938400675935,0.5045654419502419,288,
0,Lungs,1,0.055324513423630685,0.055324513423630685,0.5045654419502419,288,
0,Liver,1,0.0562023860417644,0.0562023860417644,0.5045654419502419,288,
0,Intestines,1,0.0330796409126992,0.0330796409126992,0.5045654419502419,288,
0,Pancreas,1,0.052829706968518415,0.052829706968518415,0.5045654419502419,288,
0,Kidneys,1,0.05509884736424246,0.05509884736424246,0.5045654419502419,288,
1,Heart,0,0.1701414979520607,0.1701414979520607,0.7292055862665724,142,
1,Lungs,0,0.06918545826514283,0.06918545826514283,0.7292055862665724,142,
1,Liver,0,0.16953658625997864,0.16953658625997864,0.7292055862665724,142,
1,Intestines,0,0.15802845128347698,0.15802845128347698,0.7292055862665724,142,
1,Pancreas,0,0.16767951827146166,0.16767951827146166,0.7292055862665724,142,
1,Kidneys,0,0.1710433904795273,0.1710433904795273,0.7292055862665724,142,
1,Heart,1,0.07700709725758946,0.07700709725758946,0.5122096107299887,280,
1,Lungs,1,0.0312952952307729,0.0312952952307729,0.5122096107299887,280,
1,Liver,1,0.085844465127038,0.085844465127038,0.5122096107299887,280,
1,Intestines,1,0.07325854582401836,0.07325854582401836,0.5122096107299887,280,
1,Pancreas,1,0.08887281969483773,0.08887281969483773,0.5122096107299887,280,
1,Kidneys,1,0.09476111832413553,0.09476111832413553,0.5122096107299887,280,
2,Heart,0,0.8636363636363635,0.8636363636363635,0.8636363636363631,144,
2,Lungs,0,0.8636363636363635,0.8636363636363635,0.8636363636363631,144,
2,Liver,0,0.8636363636363635,0.8636363636363635,0.8636363636363631,144,
2,Intestines,0,0.8636363636363635,0.8636363636363635,0.8636363636363631,144,
2,Pancreas,0,0.8636363636363635,0.8636363636363635,0.8636363636363631,144,
2,Kidneys,0,0.8636363636363635,0.8636363636363635,0.8636363636363631,144,
2,Heart,1,0.05292862147001954,0.05292862147001954,0.5423032817170892,284,
2,Lungs,1,0.048788380007129484,0.048788380007129484,0.5423032817170892,284,
2,Liver,1,0.04265168493269474,0.04265168493269474,0.5423032817170892,284,
2,Intestines,1,0.0427295098162981,0.0427295098162981,0.5423032817170892,284,
2,Pancreas,1,0.037363485148748495,0.037363485148748495,0.5423032817170892,284,
2,Kidneys,1,0.055861888296942136,0.055861888296942136,0.5423032817170892,284,
3,Heart,0,0.7417703858105831,0.7417703858105831,0.7417780344016032,144,
3,Lungs,0,0.7417703858105831,0.7417703858105831,0.7417780344016032,144,
3,Liver,0,0.7417703858105831,0.7417703858105831,0.7417780344016032,144,
3,Intestines,0,0.7417703858105831,0.7417703858105831,0.7417780344016032,144,
3,Pancreas,0,0.7417703858105831,0.7417703858105831,0.7417780344016032,144,
3,Kidneys,0,0.7417703858105831,0.7417703858105831,0.7417780344016032,144,
3,Heart,1,0.6502454538145428,0.6502454538145428,0.5224419716167608,280,
3,Lungs,1,0.6768912997028662,0.6768912997028662,0.5224419716167608,280,
3,Liver,1,0.7034172209914503,0.7034172209914503,0.5224419716167608,280,
3,Intestines,1,0.7136414968510691,0.7136414968510691,0.5224419716167608,280,
3,Pancreas,1,0.7172932567586364,0.7172932567586364,0.5224419716167608,280,
3,Kidneys,1,0.697453466306747,0.697453466306747,0.5224419716167608,280,
4,Heart,0,0.21193710001186766,0.21193710001186766,0.9939413327976914,140,
4,Lungs,0,0.19646127658334744,0.19646127658334744,0.9939413327976914,140,
4,Liver,0,0.18653688239337812,0.18653688239337812,0.9939413327976914,140,
4,Intestines,0,0.21540957191387372,0.21540957191387372,0.9939413327976914,140,
4,Pancreas,0,0.16978578169948005,0.16978578169948005,0.9939413327976914,140,
4,Kidneys,0,0.174444600337171,0.174444600337171,0.9939413327976914,140,
4,Heart,1,0.1226200715691751,0.1226200715691751,0.7038661036019938,276,
4,Lungs,1,0.11505037306340554,0.11505037306340554,0.7038661036019938,276,
4,Liver,1,0.09392937874347854,0.09392937874347854,0.7038661036019938,276,
4,Intestines,1,0.11864062296437226,0.11864062296437226,0.7038661036019938,276,
4,Pancreas,1,0.07888759796921213,0.07888759796921213,0.7038661036019938,276,
4,Kidneys,1,0.09611313371197501,0.09611313371197501,0.7038661036019938,276,
5,Heart,0,0.9352821600409763,0.9352821600409763,0.9999999999999998,141,
5,Lungs,0,0.9352821600409763,0.9352821600409763,0.9999999999999998,141,
5,Liver,0,0.9352821600409763,0.9352821600409763,0.9999999999999998,141,
5,Intestines,0,0.9352821600409763,0.9352821600409763,0.9999999999999998,141,
5,Pancreas,0,0.9352821600409763,0.9352821600409763,0.9999999999999998,141,
5,Kidneys,0,0.9352821600409763,0.9352821600409763,0.9999999999999998,141,
5,Heart,1,0.908210239748064,0.908210239748064,0.7070531978917003,275,
5,Lungs,1,0.9083164489684096,0.9083164489684096,0.7070531978917003,275,
5,Liver,1,0.8998667184203144,0.8998667184203144,0.7070531978917003,275,
5,Intestines,1,0.9142468521353807,0.9142468521353807,0.7070531978917003,275,
5,Pancreas,1,0.9113327177743726,0.9113327177743726,0.7070531978917003,275,
5,Kidneys,1,0.9139719715855507,0.9139719715855507,0.7070531978917003,275,
6,Heart,0,0.03988632469900832,0.03988632469900832,0.718571670014783,139,
6,Lungs,0,0.06223511595045514,0.06223511595045514,0.718571670014783,139,
6,Liver,0,0.07648351605263169,0.07648351605263169,0.718571670014783,139,
6,Intestines,0,0.06690660748781949,0.06690660748781949,0.718571670014783,139,
6,Pancreas,0,0.07507808137036744,0.07507808137036744,0.718571670014783,139,
6,Kidneys,0,0.07008774434797464,0.07008774434797464,0.718571670014783,139,
6,Heart,1,0.019765631376363522,0.019765631376363522,0.5027560130191603,272,
6,Lungs,1,0.026848393374603537,0.026848393374603537,0.5027560130191603,272,
6,Liver,1,0.03852539744724278,0.03852539744724278,0.5027560130191603,272,
6,Intestines,1,0.030083569808148324,0.030083569808148324,0.5027560130191603,272,
6,Pancreas,1,0.033120557848120756,0.033120557848120756,0.5027560130191603,272,
6,Kidneys,1,0.034806796652375294,0.034806796652375294,0.5027560130191603,272,
7,Heart,0,0.4110643730652964,0.4110643730652964,0.9999999999999998,142,
7,Lungs,0,0.4110643730652964,0.4110643730652964,0.9999999999999998,142,
7,Liver,0,0.4110643730652964,0.4110643730652964,0.9999999999999998,142,
7,Intestines,0,0.4110643730652964,0.4110643730652964,0.9999999999999998,142,
7,Pancreas,0,0.4110643730652964,0.4110643730652964,0.9999999999999998,142,
7,Kidneys,0,0.4110643730652964,0.4110643730652964,0.9999999999999998,142,
7,Heart,1,0.34549521728446114,0.34549521728446114,0.7062349308112926,278,
7,Lungs,1,0.3648945684722965,0.3648945684722965,0.7062349308112926,278,
7,Liver,1,0.34430561305962415,0.34430561305962415,0.7062349308112926,278,
7,Intestines,1,0.33761829926540315,0.33761829926540315,0.7062349308112926,278,
7,Pancreas,1,0.3630374069607797,0.3630374069607797,0.7062349308112926,278,
7,Kidneys,1,0.3607400773055915,0.3607400773055915,0.7062349308112926,278,
8,Heart,0,0.8372093023254511,0.8372093023254511,0.8372093023255811,139,
8,Lungs,0,0.8372093023254511,0.8372093023254511,0.8372093023255811,139,
8,Liver,0,0.8372093023254511,0.8372093023254511,0.8372093023255811,139,
8,Intestines,0,0.8372093023254511,0.8372093023254511,0.8372093023255811,139,
8,Pancreas,0,0.8372093023254511,0.8372093023254511,0.8372093023255811,139,
8,Kidneys,0,0.8372093023254511,0.8372093023254511,0.8372093023255811,139,
8,Heart,1,0.6620024850530354,0.6620024850530354,0.5802248249306373,278,
8,Lungs,1,0.602212598992585,0.602212598992585,0.5802248249306373,278,
8,Liver,1,0.32261140210993966,0.32261140210993966,0.5802248249306373,278,
8,Intestines,1,0.596912622350041,0.596912622350041,0.5802248249306373,278,
8,Pancreas,1,0.3795672549019609,0.3795672549019609,0.5802248249306373,278,
8,Kidneys,1,0.5043514455071899,0.5043514455071899,0.5802248249306373,278,
9,Heart,0,0.7142687319839766,0.7142687319839766,0.7142687324179358,142,
9,Lungs,0,0.7142687319839766,0.7142687319839766,0.7142687324179358,142,
9,Liver,0,0.7142687319839766,0.7142687319839766,0.7142687324179358,142,
9,Intestines,0,0.7142687319839766,0.7142687319839766,0.7142687324179358,142,
9,Pancreas,0,0.7142687319839766,0.7142687319839766,0.7142687324179358,142,
9,Kidneys,0,0.7142687319839766,0.7142687319839766,0.7142687324179358,142,
9,Heart,1,0.32700084394633727,0.32700084394633727,0.3671286803914352,278,
9,Lungs,1,0.30241043052146455,0.30241043052146455,0.3671286803914352,278,
9,Liver,1,0.29280167567194276,0.29280167567194276,0.3671286803914352,278,
9,Intestines,1,0.3442373556514554,0.3442373556514554,0.3671286803914352,278,
9,Pancreas,1,0.33643715528964274,0.33643715528964274,0.3671286803914352,278,
9,Kidneys,1,0.3209419992053177,0.3209419992053177,0.3671286803914352,278,
10,Heart,0,0.8583115561961848,0.8583115561961848,0.9999999999999991,138,
10,Lungs,0,0.8583141290920308,0.8583141290920308,0.9999999999999991,138,
10,Liver,0,0.8583141290920128,0.8583141290920128,0.9999999999999991,138,
10,Intestines,0,0.8583141290919533,0.8583141290919533,0.9999999999999991,138,
10,Pancreas,0,0.8583141290918865,0.8583141290918865,0.9999999999999991,138,
10,Kidneys,0,0.8583141290921128,0.8583141290921128,0.9999999999999991,138,
10,Heart,1,0.8449327150012584,0.8449327150012584,0.7066611548406909,271,
10,Lungs,1,0.8371397823058179,0.8371397823058179,0.7066611548406909,271,
10,Liver,1,0.8284782066753537,0.8284782066753537,0.7066611548406909,271,
10,Intestines,1,0.8419460222228278,0.8419460222228278,0.7066611548406909,271,
10,Pancreas,1,0.8442981805939056,0.8442981805939056,0.7066611548406909,271,
10,Kidneys,1,0.6412223953613578,0.6412223953613578,0.7066611548406909,271,
11,Heart,0,0.3967268357468325,0.3967268357468325,0.8922621462420828,143,
11,Lungs,0,0.396967300900103,0.396967300900103,0.8922621462420828,143,
11,Liver,0,0.35141336853747185,0.35141336853747185,0.8922621462420828,143,
11,Intestines,0,0.39385091867100946,0.39385091867100946,0.8922621462420828,143,
11,Pancreas,0,0.3967084186909175,0.3967084186909175,0.8922621462420828,143,
11,Kidneys,0,0.2937232520106967,0.2937232520106967,0.8922621462420828,143,
11,Heart,1,0.348974741653424,0.348974741653424,0.5865211860049829,278,
11,Lungs,1,0.36530472166247974,0.36530472166247974,0.5865211860049829,278,
11,Liver,1,0.2505160352563258,0.2505160352563258,0.5865211860049829,278,
11,Intestines,1,0.30551646154118717,0.30551646154118717,0.5865211860049829,278,
11,Pancreas,1,0.35834781390946635,0.35834781390946635,0.5865211860049829,278,
11,Kidneys,1,0.2021344662299795,0.2021344662299795,0.5865211860049829,278,
12,Heart,0,0.19668108462964298,0.19668108462964298,0.3071025252352378,140,
12,Lungs,0,0.1967487711168028,0.1967487711168028,0.3071025252352378,140,
12,Liver,0,0.1964531460273059,0.1964531460273059,0.3071025252352378,140,
12,Intestines,0,0.14306683329222375,0.14306683329222375,0.3071025252352378,140,
12,Pancreas,0,0.18612614047740914,0.18612614047740914,0.3071025252352378,140,
12,Kidneys,0,0.19614653036986102,0.19614653036986102,0.3071025252352378,140,
12,Heart,1,0.17119704885236675,0.17119704885236675,0.21889239001305896,277,
12,Lungs,1,0.18110559357384096,0.18110559357384096,0.21889239001305896,277,
12,Liver,1,0.15912775118087127,0.15912775118087127,0.21889239001305896,277,
12,Intestines,1,0.09466215725549824,0.09466215725549824,0.21889239001305896,277,
12,Pancreas,1,0.12858859616918444,0.12858859616918444,0.21889239001305896,277,
12,Kidneys,1,0.13891187255397755,0.13891187255397755,0.21889239001305896,277,
13,Heart,0,0.001946252847241953,0.001946252847241953,0.0033362263253987586,140,
13,Lungs,0,0.0018435778167573073,0.0018435778167573073,0.0033362263253987586,140,
13,Liver,0,0.001809591642026418,0.001809591642026418,0.0033362263253987586,140,
13,Intestines,0,0.001882805169937922,0.001882805169937922,0.0033362263253987586,140,
13,Pancreas,0,0.0018594440845565092,0.0018594440845565092,0.0033362263253987586,140,
13,Kidneys,0,0.0018715189568276555,0.0018715189568276555,0.0033362263253987586,140,
13,Heart,1,0.0012323157845065057,0.0012323157845065057,0.0023182439289862497,278,
13,Lungs,1,0.0009644395773923325,0.0009644395773923325,0.0023182439289862497,278,
13,Liver,1,0.0012022840131948056,0.0012022840131948056,0.0023182439289862497,278,
13,Intestines,1,0.0012449139570747123,0.0012449139570747123,0.0023182439289862497,278,
13,Pancreas,1,0.0011969589937077907,0.0011969589937077907,0.0023182439289862497,278,
13,Kidneys,1,0.0012725781015654428,0.0012725781015654428,0.0023182439289862497,278,
14,Heart,0,0.7979782739251442,0.7979782739251442,0.9999999999999993,140,
14,Lungs,0,0.7975975397106831,0.7975975397106831,0.9999999999999993,140,
14,Liver,0,0.7959576061494351,0.7959576061494351,0.9999999999999993,140,
14,Intestines,0,0.7931002188915368,0.7931002188915368,0.9999999999999993,140,
14,Pancreas,0,0.7798043176694526,0.7798043176694526,0.9999999999999993,140,
14,Kidneys,0,0.798366570504895,0.798366570504895,0.9999999999999993,140,
14,Heart,1,0.16192285453314162,0.16192285453314162,0.709058533944046,273,
14,Lungs,1,0.15764455935903207,0.15764455935903207,0.709058533944046,273,
14,Liver,1,0.1489797205245654,0.1489797205245654,0.709058533944046,273,
14,Intestines,1,0.1477852988880777,0.1477852988880777,0.709058533944046,273,
14,Pancreas,1,0.11995459579046236,0.11995459579046236,0.709058533944046,273,
14,Kidneys,1,0.16790123665752896,0.16790123665752896,0.709058533944046,273,
15,Heart,0,0.7330283420613346,0.7330283420613346,0.9616185778679107,142,
15,Lungs,0,0.7330281221999031,0.7330281221999031,0.9616185778679107,142,
15,Liver,0,0.7330281683213189,0.7330281683213189,0.9616185778679107,142,
15,Intestines,0,0.7330282010207141,0.7330282010207141,0.9616185778679107,142,
15,Pancreas,0,0.733028330085756,0.733028330085756,0.9616185778679107,142,
15,Kidneys,0,0.7330284313216793,0.7330284313216793,0.9616185778679107,142,
15,Heart,1,0.2948470465610112,0.2948470465610112,0.3456046303975374,277,
15,Lungs,1,0.29863428434396927,0.29863428434396927,0.3456046303975374,277,
15,Liver,1,0.29761568335995775,0.29761568335995775,0.3456046303975374,277,
15,Intestines,1,0.3004409153926761,0.3004409153926761,0.3456046303975374,277,
15,Pancreas,1,0.30015098853534,0.30015098853534,0.3456046303975374,277,
15,Kidneys,1,0.29946820715239086,0.29946820715239086,0.3456046303975374,277,
16,Heart,0,0.7546044991369909,0.7546044991369909,0.9999999999999998,144,
16,Lungs,0,0.7546044991369909,0.7546044991369909,0.9999999999999998,144,
16,Liver,0,0.7546044991369909,0.7546044991369909,0.9999999999999998,144,
16,Intestines,0,0.7546044991369909,0.7546044991369909,0.9999999999999998,144,
16,Pancreas,0,0.7546044991369909,0.7546044991369909,0.9999999999999998,144,
16,Kidneys,0,0.7997953183670666,0.7997953183670666,0.9999999999999998,144,
16,Heart,1,0.5305222793492077,0.5305222793492077,0.6703387129900078,280,
16,Lungs,1,0.5792654465588036,0.5792654465588036,0.6703387129900078,280,
16,Liver,1,0.4237807902228901,0.4237807902228901,0.6703387129900078,280,
16,Intestines,1,0.6624236500159291,0.6624236500159291,0.6703387129900078,280,
16,Pancreas,1,0.6325112318077791,0.6325112318077791,0.6703387129900078,280,
16,Kidneys,1,0.6491035547432265,0.6491035547432265,0.6703387129900078,280,
17,Heart,0,0.14533486419239597,0.14533486419239597,0.3454945309690839,142,
17,Lungs,0,0.14414528948270622,0.14414528948270622,0.3454945309690839,142,
17,Liver,0,0.14347133340169974,0.14347133340169974,0.3454945309690839,142,
17,Intestines,0,0.14511375556829909,0.14511375556829909,0.3454945309690839,142,
17,Pancreas,0,0.14309463360038194,0.14309463360038194,0.3454945309690839,142,
17,Kidneys,0,0.14668749057943814,0.14668749057943814,0.3454945309690839,142,
17,Heart,1,0.050200834214682626,0.050200834214682626,0.008217713551301057,276,
17,Lungs,1,0.05183395588878377,0.05183395588878377,0.008217713551301057,276,
17,Liver,1,0.05242739684612826,0.05242739684612826,0.008217713551301057,276,
17,Intestines,1,0.04792862440881181,0.04792862440881181,0.008217713551301057,276,
17,Pancreas,1,0.050005539582775066,0.050005539582775066,0.008217713551301057,276,
17,Kidneys,1,0.052773568023739545,0.052773568023739545,0.008217713551301057,276,
18,Heart,0,0.07252700875752581,0.07252700875752581,0.7616680749589787,141,
18,Lungs,0,0.13116000189944244,0.13116000189944244,0.7616680749589787,141,
18,Liver,0,0.18641565908027086,0.18641565908027086,0.7616680749589787,141,
18,Intestines,0,0.15647602159310306,0.15647602159310306,0.7616680749589787,141,
18,Pancreas,0,0.17714023481415145,0.17714023481415145,0.7616680749589787,141,
18,Kidneys,0,0.18700802216665527,0.18700802216665527,0.7616680749589787,141,
18,Heart,1,0.036875411538403874,0.036875411538403874,0.5421001985803003,273,
18,Lungs,1,0.04359855366836624,0.04359855366836624,0.5421001985803003,273,
18,Liver,1,0.09546578011589145,0.09546578011589145,0.5421001985803003,273,
18,Intestines,1,0.06448286735757386,0.06448286735757386,0.5421001985803003,273,
18,Pancreas,1,0.07905486151422475,0.07905486151422475,0.5421001985803003,273,
18,Kidneys,1,0.09169750615586755,0.09169750615586755,0.5421001985803003,273,
19,Heart,0,0.7010140363975059,0.7010140363975059,0.7179487179487181,141,
19,Lungs,0,0.7010140363975059,0.7010140363975059,0.7179487179487181,141,
19,Liver,0,0.7010140363975059,0.7010140363975059,0.7179487179487181,141,
19,Intestines,0,0.7010140363975059,0.7010140363975059,0.7179487179487181,141,
19,Pancreas,0,0.7010140363975059,0.7010140363975059,0.7179487179487181,141,
19,Kidneys,0,0.7010140363975059,0.7010140363975059,0.7179487179487181,141,
19,Heart,1,0.32296678565050047,0.32296678565050047,0.5009784372194002,274,
19,Lungs,1,0.2982341119300748,0.2982341119300748,0.5009784372194002,274,
19,Liver,1,0.37337662866996346,0.37337662866996346,0.5009784372194002,274,
19,Intestines,1,0.2732376768119099,0.2732376768119099,0.5009784372194002,274,
19,Pancreas,1,0.3441407601796071,0.3441407601796071,0.5009784372194002,274,
19,Kidneys,1,0.37162345309775346,0.37162345309775346,0.5009784372194002,274,
20,Heart,0,5.575732723651181e-08,5.575732723651181e-08,5.575824305094796e-08,142,
20,Lungs,0,5.575732723651181e-08,5.575732723651181e-08,5.575824305094796e-08,142,
20,Liver,0,5.575732723651181e-08,5.575732723651181e-08,5.575824305094796e-08,142,
20,Intestines,0,5.575732723651181e-08,5.575732723651181e-08,5.575824305094796e-08,142,
20,Pancreas,0,5.575732723651181e-08,5.575732723651181e-08,5.575824305094796e-08,142,
20,Kidneys,0,5.575732723651181e-08,5.575732723651181e-08,5.575824305094796e-08,142,
20,Heart,1,5.280087636868782e-08,5.280087636868782e-08,3.844386310438966e-08,273,
20,Lungs,1,5.2680541376482775e-08,5.2680541376482775e-08,3.844386310438966e-08,273,
20,Liver,1,5.2533882638206e-08,5.2533882638206e-08,3.844386310438966e-08,273,
20,Intestines,1,5.269396071293921e-08,5.269396071293921e-08,3.844386310438966e-08,273,
20,Pancreas,1,5.2845226359743966e-08,5.2845226359743966e-08,3.844386310438966e-08,273,
20,Kidneys,1,5.254720667116323e-08,5.254720667116323e-08,3.844386310438966e-08,273,
21,Heart,0,0.05476902607116361,0.05476902607116361,0.057598055088861067,140,
21,Lungs,0,0.05762582138080125,0.05762582138080125,0.057598055088861067,140,
21,Liver,0,0.057625821380475666,0.057625821380475666,0.057598055088861067,140,
21,Intestines,0,0.05486994549564743,0.05486994549564743,0.057598055088861067,140,
21,Pancreas,0,0.05630640487349459,0.05630640487349459,0.057598055088861067,140,
21,Kidneys,0,0.05689401602597406,0.05689401602597406,0.057598055088861067,140,
21,Heart,1,0.04609919591875233,0.04609919591875233,0.04014370497226216,270,
21,Lungs,1,0.04131383640378622,0.04131383640378622,0.04014370497226216,270,
21,Liver,1,0.04566867470921452,0.04566867470921452,0.04014370497226216,270,
21,Intestines,1,0.04636072715855993,0.04636072715855993,0.04014370497226216,270,
21,Pancreas,1,0.04860002613926263,0.04860002613926263,0.04014370497226216,270,
21,Kidneys,1,0.04936291325215396,0.04936291325215396,0.04014370497226216,270,
22,Heart,0,0.27664709307841234,0.27664709307841234,0.6441585274229896,141,
22,Lungs,0,0.24507490471690652,0.24507490471690652,0.6441585274229896,141,
22,Liver,0,0.24117128763589726,0.24117128763589726,0.6441585274229896,141,
22,Intestines,0,0.24382336358909765,0.24382336358909765,0.6441585274229896,141,
22,Pancreas,0,0.2174866445762655,0.2174866445762655,0.6441585274229896,141,
22,Kidneys,0,0.2604270253806047,0.2604270253806047,0.6441585274229896,141,
22,Heart,1,0.2431267253934082,0.2431267253934082,0.4193295066798289,276,
22,Lungs,1,0.1901050115328866,0.1901050115328866,0.4193295066798289,276,
22,Liver,1,0.20044542426500878,0.20044542426500878,0.4193295066798289,276,
22,Intestines,1,0.2025181475648184,0.2025181475648184,0.4193295066798289,276,
22,Pancreas,1,0.16349140114537214,0.16349140114537214,0.4193295066798289,276,
22,Kidneys,1,0.219340063507994,0.219340063507994,0.4193295066798289,276,
23,Heart,0,0.13530744383534107,0.13530744383534107,0.809523809523809,143,
23,Lungs,0,0.07531704790562428,0.07531704790562428,0.809523809523809,143,
23,Liver,0,0.13741288241420552,0.13741288241420552,0.809523809523809,143,
23,Intestines,0,0.1343433339052791,0.1343433339052791,0.809523809523809,143,
23,Pancreas,0,0.1388726970235908,0.1388726970235908,0.809523809523809,143,
23,Kidneys,0,0.10655054132094481,0.10655054132094481,0.809523809523809,143,
23,Heart,1,0.05891728104657693,0.05891728104657693,0.5729090102350991,284,
23,Lungs,1,0.027275015228373965,0.027275015228373965,0.5729090102350991,284,
23,Liver,1,0.061506347319851704,0.061506347319851704,0.5729090102350991,284,
23,Intestines,1,0.05790523494312806,0.05790523494312806,0.5729090102350991,284,
23,Pancreas,1,0.06377188117524578,0.06377188117524578,0.5729090102350991,284,
23,Kidneys,1,0.03699279188324183,0.03699279188324183,0.5729090102350991,284,
24,Heart,0,0.42078753182903433,0.42078753182903433,0.4208008407266978,144,
24,Lungs,0,0.42078753182903433,0.42078753182903433,0.4208008407266978,144,
24,Liver,0,0.42078753182903433,0.42078753182903433,0.4208008407266978,144,
24,Intestines,0,0.42078753182903433,0.42078753182903433,0.4208008407266978,144,
24,Pancreas,0,0.42078753182903433,0.42078753182903433,0.4208008407266978,144,
24,Kidneys,0,0.42078753182903433,0.42078753182903433,0.4208008407266978,144,
24,Heart,1,0.22856281186510805,0.22856281186510805,0.15251008292885562,285,
24,Lungs,1,0.22479944872746702,0.22479944872746702,0.15251008292885562,285,
24,Liver,1,0.2318044201957554,0.2318044201957554,0.15251008292885562,285,
24,Intestines,1,0.23155711267986065,0.23155711267986065,0.15251008292885562,285,
24,Pancreas,1,0.22357375791820255,0.22357375791820255,0.15251008292885562,285,
24,Kidneys,1,0.2271268695539813,0.2271268695539813,0.15251008292885562,285,
25,Heart,0,0.977545069562444,0.977545069562444,1.0,144,
25,Lungs,0,0.977545069562444,0.977545069562444,1.0,144,
25,Liver,0,0.977545069562444,0.977545069562444,1.0,144,
25,Intestines,0,0.977545069562444,0.977545069562444,1.0,144,
25,Pancreas,0,0.977545069562444,0.977545069562444,1.0,144,
25,Kidneys,0,0.977545069562444,0.977545069562444,1.0,144,
25,Heart,1,0.9204067709971376,0.9204067709971376,0.6938014815603489,287,
25,Lungs,1,0.919089388436717,0.919089388436717,0.6938014815603489,287,
25,Liver,1,0.9230228961946007,0.9230228961946007,0.6938014815603489,287,
25,Intestines,1,0.9156533352317456,0.9156533352317456,0.6938014815603489,287,
25,Pancreas,1,0.9087954563520243,0.9087954563520243,0.6938014815603489,287,
25,Kidneys,1,0.9220651150813959,0.9220651150813959,0.6938014815603489,287,
26,Heart,0,0.009573513696615523,0.009573513696615523,0.2776728682931538,142,
26,Lungs,0,0.009570483630957567,0.009570483630957567,0.2776728682931538,142,
26,Liver,0,0.01313433830805502,0.01313433830805502,0.2776728682931538,142,
26,Intestines,0,0.009362473290183249,0.009362473290183249,0.2776728682931538,142,
26,Pancreas,0,0.005754274338884014,0.005754274338884014,0.2776728682931538,142,
26,Kidneys,0,0.2776728682931537,0.2776728682931537,0.2776728682931538,142,
26,Heart,1,0.00231953109574008,0.00231953109574008,0.14159145335251305,279,
26,Lungs,1,0.0024389496286630133,0.0024389496286630133,0.14159145335251305,279,
26,Liver,1,0.003562814977790263,0.003562814977790263,0.14159145335251305,279,
26,Intestines,1,0.0022136342502949275,0.0022136342502949275,0.14159145335251305,279,
26,Pancreas,1,0.0015232582476351051,0.0015232582476351051,0.14159145335251305,279,
26,Kidneys,1,0.004067079705630529,0.004067079705630529,0.14159145335251305,279,
27,Heart,0,0.05155809141890114,0.05155809141890114,0.9999999999999998,139,
27,Lungs,0,0.05805982278407636,0.05805982278407636,0.9999999999999998,139,
27,Liver,0,0.045660986438661004,0.045660986438661004,0.9999999999999998,139,
27,Intestines,0,0.0480769191784369,0.0480769191784369,0.9999999999999998,139,
27,Pancreas,0,0.04095191092840463,0.04095191092840463,0.9999999999999998,139,
27,Kidneys,0,0.032686111891875716,0.032686111891875716,0.9999999999999998,139,
27,Heart,1,0.009469356793644478,0.009469356793644478,0.707087379196388,271,
27,Lungs,1,0.010762975802700473,0.010762975802700473,0.707087379196388,271,
27,Liver,1,0.009127160616281932,0.009127160616281932,0.707087379196388,271,
27,Intestines,1,0.008407386244606154,0.008407386244606154,0.707087379196388,271,
27,Pancreas,1,0.007677989448516036,0.007677989448516036,0.707087379196388,271,
27,Kidneys,1,0.005994866575920248,0.005994866575920248,0.707087379196388,271,
28,Heart,0,0.9956284181900747,0.9956284181900747,0.99562725779892,144,
28,Lungs,0,0.9956272577989155,0.9956272577989155,0.99562725779892,144,
28,Liver,0,0.9956272577989131,0.9956272577989131,0.99562725779892,144,
28,Intestines,0,0.9956272577989201,0.9956272577989201,0.99562725779892,144,
28,Pancreas,0,0.9880909328932719,0.9880909328932719,0.99562725779892,144,
28,Kidneys,0,0.9808972719757542,0.9808972719757542,0.99562725779892,144,
28,Heart,1,0.9039465557445788,0.9039465557445788,0.7021269301513755,281,
28,Lungs,1,0.743268098037161,0.743268098037161,0.7021269301513755,281,
28,Liver,1,0.8512129591366985,0.8512129591366985,0.7021269301513755,281,
28,Intestines,1,0.7684744591843772,0.7684744591843772,0.7021269301513755,281,
28,Pancreas,1,0.5825332609856142,0.5825332609856142,0.7021269301513755,281,
28,Kidneys,1,0.5375923706590792,0.5375923706590792,0.7021269301513755,281,
29,Heart,0,0.8529261337982326,0.8529261337982326,0.9848940395426466,144,
29,Lungs,0,0.8529261337982326,0.8529261337982326,0.9848940395426466,144,
29,Liver,0,0.7024074755206682,0.7024074755206682,0.9848940395426466,144,
29,Intestines,0,0.8529261337982326,0.8529261337982326,0.9848940395426466,144,
29,Pancreas,0,0.8529261337982326,0.8529261337982326,0.9848940395426466,144,
29,Kidneys,0,0.8529261337982326,0.8529261337982326,0.9848940395426466,144,
29,Heart,1,0.18792864919564478,0.18792864919564478,0.6951131453244028,287,
29,Lungs,1,0.17125040740747977,0.17125040740747977,0.6951131453244028,287,
29,Liver,1,0.12882085597102902,0.12882085597102902,0.6951131453244028,287,
29,Intestines,1,0.18982332265777474,0.18982332265777474,0.6951131453244028,287,
29,Pancreas,1,0.205821247296031,0.205821247296031,0.6951131453244028,287,
29,Kidneys,1,0.07337421929979192,0.07337421929979192,0.6951131453244028,287,
30,Heart,0,0.4468482582633418,0.4468482582633418,0.9218286221977922,143,
30,Lungs,0,0.4468482582633418,0.4468482582633418,0.9218286221977922,143,
30,Liver,0,0.4468482582633418,0.4468482582633418,0.9218286221977922,143,
30,Intestines,0,0.4468482582633418,0.4468482582633418,0.9218286221977922,143,
30,Pancreas,0,0.4468482582633418,0.4468482582633418,0.9218286221977922,143,
30,Kidneys,0,0.4468482583007706,0.4468482583007706,0.9218286221977922,143,
30,Heart,1,0.04788857385692829,0.04788857385692829,0.6418785204693498,283,
30,Lungs,1,0.07466499625178732,0.07466499625178732,0.6418785204693498,283,
30,Liver,1,0.06304084907147682,0.06304084907147682,0.6418785204693498,283,
30,Intestines,1,0.08493846686082313,0.08493846686082313,0.6418785204693498,283,
30,Pancreas,1,0.04233959730307964,0.04233959730307964,0.6418785204693498,283,
30,Kidneys,1,0.07667602504634556,0.07667602504634556,0.6418785204693498,283,
31,Heart,0,0.037928934941634254,0.037928934941634254,0.6328792935365061,136,
31,Lungs,0,0.04550271651776542,0.04550271651776542,0.6328792935365061,136,
31,Liver,0,0.05122944010226406,0.05122944010226406,0.6328792935365061,136,
31,Intestines,0,0.03676032245900762,0.03676032245900762,0.6328792935365061,136,
31,Pancreas,0,0.047051808804748275,0.047051808804748275,0.6328792935365061,136,
31,Kidneys,0,0.05032490467509434,0.05032490467509434,0.6328792935365061,136,
31,Heart,1,0.030376848081819355,0.030376848081819355,0.4430890948295858,262,
31,Lungs,1,0.032708726229965984,0.032708726229965984,0.4430890948295858,262,
31,Liver,1,0.04530399258621694,0.04530399258621694,0.4430890948295858,262,
31,Intestines,1,0.02491697182888476,0.02491697182888476,0.4430890948295858,262,
31,Pancreas,1,0.04086636313382591,0.04086636313382591,0.4430890948295858,262,
31,Kidneys,1,0.04026599335881313,0.04026599335881313,0.4430890948295858,262,
32,Heart,0,0.24323260299690672,0.24323260299690672,0.2432326073806732,142,
32,Lungs,0,0.24323260299690672,0.24323260299690672,0.2432326073806732,142,
32,Liver,0,0.24323260299690672,0.24323260299690672,0.2432326073806732,142,
32,Intestines,0,0.24323260299690672,0.24323260299690672,0.2432326073806732,142,
32,Pancreas,0,0.24323260299690672,0.24323260299690672,0.2432326073806732,142,
32,Kidneys,0,0.24323260299690672,0.24323260299690672,0.2432326073806732,142,
32,Heart,1,0.1942522104078614,0.1942522104078614,0.15384978599351054,277,
32,Lungs,1,0.2175229535699671,0.2175229535699671,0.15384978599351054,277,
32,Liver,1,0.21925419076847086,0.21925419076847086,0.15384978599351054,277,
32,Intestines,1,0.211837584366282,0.211837584366282,0.15384978599351054,277,
32,Pancreas,1,0.21372463981695042,0.21372463981695042,0.15384978599351054,277,
32,Kidneys,1,0.2106001649204358,0.2106001649204358,0.15384978599351054,277,
33,Heart,0,0.5583274176781807,0.5583274176781807,0.558407276937846,144,
33,Lungs,0,0.5583274176781807,0.5583274176781807,0.558407276937846,144,
33,Liver,0,0.5583274176781807,0.5583274176781807,0.558407276937846,144,
33,Intestines,0,0.5583274176781807,0.5583274176781807,0.558407276937846,144,
33,Pancreas,0,0.5583274176781807,0.5583274176781807,0.558407276937846,144,
33,Kidneys,0,0.5583274176781807,0.5583274176781807,0.558407276937846,144,
33,Heart,1,0.3194566771794769,0.3194566771794769,0.2440054787165315,286,
33,Lungs,1,0.3102519450093818,0.3102519450093818,0.2440054787165315,286,
33,Liver,1,0.38062816849846043,0.38062816849846043,0.2440054787165315,286,
33,Intestines,1,0.28196268148176823,0.28196268148176823,0.2440054787165315,286,
33,Pancreas,1,0.3903538573702853,0.3903538573702853,0.2440054787165315,286,
33,Kidneys,1,0.3541646922060999,0.3541646922060999,0.2440054787165315,286,
34,Heart,0,0.8803078639601859,0.8803078639601859,0.883332594761725,142,
34,Lungs,0,0.8801910082188309,0.8801910082188309,0.883332594761725,142,
34,Liver,0,0.8803078638989966,0.8803078638989966,0.883332594761725,142,
34,Intestines,0,0.8802295107077055,0.8802295107077055,0.883332594761725,142,
34,Pancreas,0,0.880307863841959,0.880307863841959,0.883332594761725,142,
34,Kidneys,0,0.8802839849139799,0.8802839849139799,0.883332594761725,142,
34,Heart,1,0.8438604853676418,0.8438604853676418,0.6185086689137796,278,
34,Lungs,1,0.8455263749030332,0.8455263749030332,0.6185086689137796,278,
34,Liver,1,0.8386385503438164,0.8386385503438164,0.6185086689137796,278,
34,Intestines,1,0.8460143801723942,0.8460143801723942,0.6185086689137796,278,
34,Pancreas,1,0.8425639444909868,0.8425639444909868,0.6185086689137796,278,
34,Kidneys,1,0.8420987675674854,0.8420987675674854,0.6185086689137796,278,
35,Heart,0,0.5617049635606091,0.5617049635606091,0.9387861089071167,141,
35,Lungs,0,0.5617049635606091,0.5617049635606091,0.9387861089071167,141,
35,Liver,0,0.5617049635606091,0.5617049635606091,0.9387861089071167,141,
35,Intestines,0,0.5617049635606091,0.5617049635606091,0.9387861089071167,141,
35,Pancreas,0,0.5617049635606091,0.5617049635606091,0.9387861089071167,141,
35,Kidneys,0,0.5617049635606091,0.5617049635606091,0.9387861089071167,141,
35,Heart,1,0.024798350148766336,0.024798350148766336,0.6617823552063999,279,
35,Lungs,1,0.03251841663880664,0.03251841663880664,0.6617823552063999,279,
35,Liver,1,0.014927311199023203,0.014927311199023203,0.6617823552063999,279,
35,Intestines,1,0.04822978016401481,0.04822978016401481,0.6617823552063999,279,
35,Pancreas,1,0.032660670368301954,0.032660670368301954,0.6617823552063999,279,
35,Kidneys,1,0.027109843131548034,0.027109843131548034,0.6617823552063999,279,
36,Heart,0,0.40003722906081224,0.40003722906081224,0.4980214414758043,142,
36,Lungs,0,0.40003722906081224,0.40003722906081224,0.4980214414758043,142,
36,Liver,0,0.40003722906081224,0.40003722906081224,0.4980214414758043,142,
36,Intestines,0,0.40003722906081224,0.40003722906081224,0.4980214414758043,142,
36,Pancreas,0,0.40003722906081224,0.40003722906081224,0.4980214414758043,142,
36,Kidneys,0,0.40003722906081224,0.40003722906081224,0.4980214414758043,142,
36,Heart,1,0.022702939737609364,0.022702939737609364,0.006756100496106962,280,
36,Lungs,1,0.022784951927295693,0.022784951927295693,0.006756100496106962,280,
36,Liver,1,0.022892076576534737,0.022892076576534737,0.006756100496106962,280,
36,Intestines,1,0.02433849007165438,0.02433849007165438,0.006756100496106962,280,
36,Pancreas,1,0.024878572086467893,0.024878572086467893,0.006756100496106962,280,
36,Kidneys,1,0.024731701074213994,0.024731701074213994,0.006756100496106962,280,
37,Heart,0,0.23475906846589678,0.23475906846589678,1.0,144,
37,Lungs,0,0.10310861863535449,0.10310861863535449,1.0,144,
37,Liver,0,0.23430967326672264,0.23430967326672264,1.0,144,
37,Intestines,0,0.23531969082573861,0.23531969082573861,1.0,144,
37,Pancreas,0,0.2336034848083416,0.2336034848083416,1.0,144,
37,Kidneys,0,0.2271270204903705,0.2271270204903705,1.0,144,
37,Heart,1,0.1621235801354728,0.1621235801354728,0.6966899053592429,281,
37,Lungs,1,0.07451360297949858,0.07451360297949858,0.6966899053592429,281,
37,Liver,1,0.15864410476323967,0.15864410476323967,0.6966899053592429,281,
37,Intestines,1,0.16457863474946427,0.16457863474946427,0.6966899053592429,281,
37,Pancreas,1,0.15438378782619783,0.15438378782619783,0.6966899053592429,281,
37,Kidneys,1,0.11060478711845625,0.11060478711845625,0.6966899053592429,281,
38,Heart,0,0.9901660337310715,0.9901660337310715,0.9901660337325981,138,
38,Lungs,0,0.9901660337310715,0.9901660337310715,0.9901660337325981,138,
38,Liver,0,0.9901660337310715,0.9901660337310715,0.9901660337325981,138,
38,Intestines,0,0.9901660337310715,0.9901660337310715,0.9901660337325981,138,
38,Pancreas,0,0.9901660337310715,0.9901660337310715,0.9901660337325981,138,
38,Kidneys,0,0.9901660337310715,0.9901660337310715,0.9901660337325981,138,
38,Heart,1,0.31330072949651766,0.31330072949651766,0.7015294209053914,267,
38,Lungs,1,0.1637399828145081,0.1637399828145081,0.7015294209053914,267,
38,Liver,1,0.2806742485791035,0.2806742485791035,0.7015294209053914,267,
38,Intestines,1,0.25273228777663176,0.25273228777663176,0.7015294209053914,267,
38,Pancreas,1,0.24272366348877877,0.24272366348877877,0.7015294209053914,267,
38,Kidneys,1,0.18042029775114443,0.18042029775114443,0.7015294209053914,267,
39,Heart,0,0.644151010723216,0.644151010723216,0.9999999999999996,141,
39,Lungs,0,0.6441510222257744,0.6441510222257744,0.9999999999999996,141,
39,Liver,0,0.6441164349146358,0.6441164349146358,0.9999999999999996,141,
39,Intestines,0,0.6440740250851231,0.6440740250851231,0.9999999999999996,141,
39,Pancreas,0,0.6441510102253569,0.6441510102253569,0.9999999999999996,141,
39,Kidneys,0,0.6441451038173083,0.6441451038173083,0.9999999999999996,141,
39,Heart,1,0.5813940153595973,0.5813940153595973,0.7077165553447519,279,
39,Lungs,1,0.5784801385658909,0.5784801385658909,0.7077165553447519,279,
39,Liver,1,0.5829976204715597,0.5829976204715597,0.7077165553447519,279,
39,Intestines,1,0.581640383764828,0.581640383764828,0.7077165553447519,279,
39,Pancreas,1,0.5788721832991114,0.5788721832991114,0.7077165553447519,279,
39,Kidneys,1,0.5822021217744686,0.5822021217744686,0.7077165553447519,279,
40,Heart,0,0.69284575352044,0.69284575352044,0.9283799296350811,142,
40,Lungs,0,0.69284575352044,0.69284575352044,0.9283799296350811,142,
40,Liver,0,0.69284575352044,0.69284575352044,0.9283799296350811,142,
40,Intestines,0,0.69284575352044,0.69284575352044,0.9283799296350811,142,
40,Pancreas,0,0.6932984830876768,0.6932984830876768,0.9283799296350811,142,
40,Kidneys,0,0.69284575352044,0.69284575352044,0.9283799296350811,142,
40,Heart,1,0.035618678853349704,0.035618678853349704,0.6540881429382294,282,
40,Lungs,1,0.015504701844081897,0.015504701844081897,0.6540881429382294,282,
40,Liver,1,0.04480362517766703,0.04480362517766703,0.6540881429382294,282,
40,Intestines,1,0.021112214703512225,0.021112214703512225,0.6540881429382294,282,
40,Pancreas,1,0.030055928630010494,0.030055928630010494,0.6540881429382294,282,
40,Kidneys,1,0.020845059466788586,0.020845059466788586,0.6540881429382294,282,
41,Heart,0,0.9994197958331604,0.9994197958331604,0.9994708088224497,144,
41,Lungs,0,0.9994197958331604,0.9994197958331604,0.9994708088224497,144,
41,Liver,0,0.9994197958331604,0.9994197958331604,0.9994708088224497,144,
41,Intestines,0,0.9994197958331604,0.9994197958331604,0.9994708088224497,144,
41,Pancreas,0,0.9994197958331604,0.9994197958331604,0.9994708088224497,144,
41,Kidneys,0,0.9994197958331604,0.9994197958331604,0.9994708088224497,144,
41,Heart,1,0.5931938854462233,0.5931938854462233,0.6970655328476301,279,
41,Lungs,1,0.5936769435272022,0.5936769435272022,0.6970655328476301,279,
41,Liver,1,0.5891847453555377,0.5891847453555377,0.6970655328476301,279,
41,Intestines,1,0.5897500801699801,0.5897500801699801,0.6970655328476301,279,
41,Pancreas,1,0.5916446618724731,0.5916446618724731,0.6970655328476301,279,
41,Kidneys,1,0.5902069261409874,0.5902069261409874,0.6970655328476301,279,
42,Heart,0,1.0,1.0,0.9999999999999991,143,
42,Lungs,0,0.7543603001471021,0.7543603001471021,0.9999999999999991,143,
42,Liver,0,1.0,1.0,0.9999999999999991,143,
42,Intestines,0,1.0,1.0,0.9999999999999991,143,
42,Pancreas,0,1.0,1.0,0.9999999999999991,143,
42,Kidneys,0,1.0,1.0,0.9999999999999991,143,
42,Heart,1,0.7738334224194441,0.7738334224194441,0.7092522771440027,279,
42,Lungs,1,0.5302724861400485,0.5302724861400485,0.7092522771440027,279,
42,Liver,1,0.32115624281437843,0.32115624281437843,0.7092522771440027,279,
42,Intestines,1,0.8050489102062696,0.8050489102062696,0.7092522771440027,279,
42,Pancreas,1,0.8812828082893333,0.8812828082893333,0.7092522771440027,279,
42,Kidneys,1,0.5950753965676912,0.5950753965676912,0.7092522771440027,279,
43,Heart,0,0.750411824305953,0.750411824305953,0.9538732582475307,141,
43,Lungs,0,0.6453937690268001,0.6453937690268001,0.9538732582475307,141,
43,Liver,0,0.7499050480710538,0.7499050480710538,0.9538732582475307,141,
43,Intestines,0,0.5072505777954194,0.5072505777954194,0.9538732582475307,141,
43,Pancreas,0,0.7507101472113727,0.7507101472113727,0.9538732582475307,141,
43,Kidneys,0,0.5372918598227036,0.5372918598227036,0.9538732582475307,141,
43,Heart,1,0.24758372057503594,0.24758372057503594,0.63173778706985,280,
43,Lungs,1,0.48345918297324314,0.48345918297324314,0.63173778706985,280,
43,Liver,1,0.5879324803784716,0.5879324803784716,0.63173778706985,280,
43,Intestines,1,0.26024941726876766,0.26024941726876766,0.63173778706985,280,
43,Pancreas,1,0.5832208862254801,0.5832208862254801,0.63173778706985,280,
43,Kidneys,1,0.30094793847446205,0.30094793847446205,0.63173778706985,280,
44,Heart,0,0.09144090468396517,0.09144090468396517,0.7389419971662191,144,
44,Lungs,0,0.09180323167672505,0.09180323167672505,0.7389419971662191,144,
44,Liver,0,0.08872827364948258,0.08872827364948258,0.7389419971662191,144,
44,Intestines,0,0.09105808742929936,0.09105808742929936,0.7389419971662191,144,
44,Pancreas,0,0.09040856515094757,0.09040856515094757,0.7389419971662191,144,
44,Kidneys,0,0.09171740186163274,0.09171740186163274,0.7389419971662191,144,
44,Heart,1,0.0731142251366925,0.0731142251366925,0.3721098653891853,285,
44,Lungs,1,0.07671123805612202,0.07671123805612202,0.3721098653891853,285,
44,Liver,1,0.04838638877663524,0.04838638877663524,0.3721098653891853,285,
44,Intestines,1,0.06846072470007922,0.06846072470007922,0.3721098653891853,285,
44,Pancreas,1,0.06146672604283744,0.06146672604283744,0.3721098653891853,285,
44,Kidneys,1,0.07500963736581397,0.07500963736581397,0.3721098653891853,285,
45,Heart,0,0.011140809872039848,0.011140809872039848,0.566315451394781,137,
45,Lungs,0,0.025403590816114284,0.025403590816114284,0.566315451394781,137,
45,Liver,0,0.020663653221225348,0.020663653221225348,0.566315451394781,137,
45,Intestines,0,0.018181108521686248,0.018181108521686248,0.566315451394781,137,
45,Pancreas,0,0.022863654650996407,0.022863654650996407,0.566315451394781,137,
45,Kidneys,0,0.01843214422139776,0.01843214422139776,0.566315451394781,137,
45,Heart,1,0.0063986299815426235,0.0063986299815426235,0.4048654652669088,264,
45,Lungs,1,0.015452486720786323,0.015452486720786323,0.4048654652669088,264,
45,Liver,1,0.010799028454681782,0.010799028454681782,0.4048654652669088,264,
45,Intestines,1,0.01071406019464504,0.01071406019464504,0.4048654652669088,264,
45,Pancreas,1,0.013082456171218247,0.013082456171218247,0.4048654652669088,264,
45,Kidneys,1,0.010155026513032557,0.010155026513032557,0.4048654652669088,264,
46,Heart,0,0.5595850895234802,0.5595850895234802,0.9804009203950532,143,
46,Lungs,0,0.5595850895234802,0.5595850895234802,0.9804009203950532,143,
46,Liver,0,0.5595850895234802,0.5595850895234802,0.9804009203950532,143,
46,Intestines,0,0.5595850895234802,0.5595850895234802,0.9804009203950532,143,
46,Pancreas,0,0.5595850895234802,0.5595850895234802,0.9804009203950532,143,
46,Kidneys,0,0.5595850895234802,0.5595850895234802,0.9804009203950532,143,
46,Heart,1,0.2572975023232407,0.2572975023232407,0.48760895037082497,279,
46,Lungs,1,0.2586442198941199,0.2586442198941199,0.48760895037082497,279,
46,Liver,1,0.25609834469627096,0.25609834469627096,0.48760895037082497,279,
46,Intestines,1,0.2583136341564282,0.2583136341564282,0.48760895037082497,279,
46,Pancreas,1,0.2578834666506806,0.2578834666506806,0.48760895037082497,279,
46,Kidneys,1,0.2565810704755964,0.2565810704755964,0.48760895037082497,279,
47,Heart,0,0.0036783931980471068,0.0036783931980471068,0.008764742614421199,140,
47,Lungs,0,0.0036984731974453893,0.0036984731974453893,0.008764742614421199,140,
47,Liver,0,0.003690380535479043,0.003690380535479043,0.008764742614421199,140,
47,Intestines,0,0.0036844023595685063,0.0036844023595685063,0.008764742614421199,140,
47,Pancreas,0,0.0037028741589647516,0.0037028741589647516,0.008764742614421199,140,
47,Kidneys,0,0.0037092550892211377,0.0037092550892211377,0.008764742614421199,140,
47,Heart,1,0.0017901558611490502,0.0017901558611490502,0.0021142358443680827,272,
47,Lungs,1,0.001688283102355845,0.001688283102355845,0.0021142358443680827,272,
47,Liver,1,0.0017748587061754667,0.0017748587061754667,0.0021142358443680827,272,
47,Intestines,1,0.0017079310677346096,0.0017079310677346096,0.0021142358443680827,272,
47,Pancreas,1,0.0017572486344273333,0.0017572486344273333,0.0021142358443680827,272,
47,Kidneys,1,0.0016865841304420572,0.0016865841304420572,0.0021142358443680827,272,
48,Heart,0,0.068122849473636,0.068122849473636,0.5148556657407841,140,
48,Lungs,0,0.06140351961721955,0.06140351961721955,0.5148556657407841,140,
48,Liver,0,0.06535791675430656,0.06535791675430656,0.5148556657407841,140,
48,Intestines,0,0.06433664497198653,0.06433664497198653,0.5148556657407841,140,
48,Pancreas,0,0.06636216729785295,0.06636216729785295,0.5148556657407841,140,
48,Kidneys,0,0.0667584172394831,0.0667584172394831,0.5148556657407841,140,
48,Heart,1,0.046026379767343015,0.046026379767343015,0.27504582465334093,275,
48,Lungs,1,0.03078834367594293,0.03078834367594293,0.27504582465334093,275,
48,Liver,1,0.03943730074133969,0.03943730074133969,0.27504582465334093,275,
48,Intestines,1,0.03497475983323099,0.03497475983323099,0.27504582465334093,275,
48,Pancreas,1,0.04289984354977416,0.04289984354977416,0.27504582465334093,275,
48,Kidneys,1,0.04165060124026716,0.04165060124026716,0.27504582465334093,275,
49,Heart,0,0.5579889049427621,0.5579889049427621,0.9895754935031436,143,
49,Lungs,0,0.5585655402767753,0.5585655402767753,0.9895754935031436,143,
49,Liver,0,0.5612202586630569,0.5612202586630569,0.9895754935031436,143,
49,Intestines,0,0.5643013675096993,0.5643013675096993,0.9895754935031436,143,
49,Pancreas,0,0.5566464370608127,0.5566464370608127,0.9895754935031436,143,
49,Kidneys,0,0.5616192082510106,0.5616192082510106,0.9895754935031436,143,
49,Heart,1,0.3920990709823462,0.3920990709823462,0.699681703815273,281,
49,Lungs,1,0.4014641873509099,0.4014641873509099,0.699681703815273,281,
49,Liver,1,0.4426967401153832,0.4426967401153832,0.699681703815273,281,
49,Intestines,1,0.46231192962529116,0.46231192962529116,0.699681703815273,281,
49,Pancreas,1,0.37961237289437344,0.37961237289437344,0.699681703815273,281,
49,Kidneys,1,0.4293416431711089,0.4293416431711089,0.699681703815273,281,
